First Name,Last Name,Street Number,Street,City,Province,Postal Code,Country,Phone Number,email Address,Data Date
Jacob,Brown,428,Balcomes Drive,Thunder Bay,Newfoundland and Labrador,G3H 0B4,Canada,135756973,Jacob@word.com,2023/10/25
James,Brown,383,Benalder Lane,Quebec City,Prince Edward Island,"L4A 0T3 ",Canada,611433106,James@student.com,2023/10/25
William,Davis,399,Bridgeview Drive,Brantford,Manitoba,N8H 2H6,Canada,270527914,William@time.com,2023/10/25
Ethan,Jackson,399,Bridget Avenue,Saguenay,Prince Edward Island,J9P 1C6,Canada,210781920,Ethan@week.com,2023/10/25
Alexander,Jones,48,Charles Street,Calgary,Prince Edward Island,N5C 2J8,Canada,889689511,Alexander@group.com,2023/10/25
Alexander,Miller,47,Carmichael Street,Richmond Hill,New Brunswick,L0N 3J2,Canada,871455934,Alexander@year.com,2023/10/25
First Name,Last Name,Street Number,Street,City,Province,Postal Code,Country,Phone Number,email Address,Data Date
Jacob,Brown,428,Balcomes Drive,Thunder Bay,Newfoundland and Labrador,G3H 0B4,Canada,135756973,Jacob@word.com,2023/10/25
James,Brown,383,Benalder Lane,Quebec City,Prince Edward Island,"L4A 0T3 ",Canada,611433106,James@student.com,2023/10/25
William,Davis,399,Bridgeview Drive,Brantford,Manitoba,N8H 2H6,Canada,270527914,William@time.com,2023/10/25
Ethan,Jackson,399,Bridget Avenue,Saguenay,Prince Edward Island,J9P 1C6,Canada,210781920,Ethan@week.com,2023/10/25
Alexander,Jones,48,Charles Street,Calgary,Prince Edward Island,N5C 2J8,Canada,889689511,Alexander@group.com,2023/10/25
Alexander,Miller,47,Carmichael Street,Richmond Hill,New Brunswick,L0N 3J2,Canada,871455934,Alexander@year.com,2023/10/25
